user_login,user_email,source_user_id,user_pass,user_nicename,user_url,user_registered,display_name,role,nickname,first_name,last_name,description,rich_editing,syntax_highlighting,comment_shortcuts,admin_color,use_ssl,show_admin_bar_front,locale,avwp_capabilities,avwp_user_level,dismissed_wp_pointers,session_tokens,avwp_yoast_notifications,avwp_av_messenger,avwp_dashboard_quick_press_last_post_id,_yoast_wpseo_profile_updated,facebook,instagram,linkedin,myspace,pinterest,soundcloud,tumblr,twitter,youtube,wikipedia,community-events-location,av_disable_block_editor,wpseo_title,wpseo_metadesc,wpseo_noindex_author,wpseo_content_analysis_disable,wpseo_keyword_analysis_disable,wpseo_inclusive_language_analysis_disable,bp_verified_member,bp_xprofile_visibility_levels,bp_latest_update,avwp_persisted_preferences,avwp_user-settings,avwp_user-settings-time,_mpp_gallery_count_members_1_self,um_user_profile_url_slug_user_login,full_name,synced_gravatar_hashed_id,bpbm_last_activity,notification_messages_new_message,bpbm_disable_sound_notification,nav_menu_recently_edited,managenav-menuscolumnshidden,metaboxhidden_nav-menus,bp-better-messages-last-notified,bp_new_mentions,bp_new_mention_count,bp_favorite_activities,_mpp_gallery_count_members_1_nonlogged,total_group_count,account_status,um_member_directory_data,_um_last_login,community-builder-220-ignore-notice,user1@example.com,Name,bp_group_id,bp_member_type
2008,2008@best.com,25,$P$BdCR6npxtQBgm2d4Pb4TOxQibYiNPf.,2008,,"2023-06-26 21:08:16",2008,wpseo_editor,2008,2008,,,true,true,false,fresh,0,true,,"a:1:{s:12:""wpseo_editor"";b:1;}",7,,,,,,1687813698,,,,,,,,,,,,,,,,,,,,,,,,,,2008,,20ea53eaebd21007bf85bbf1e70bf9e9,,,,,,,,,,,,,,"a:5:{s:14:""account_status"";b:0;s:15:""hide_in_members"";b:0;s:13:""profile_photo"";b:0;s:11:""cover_photo"";b:0;s:8:""verified"";b:0;}",,,,2008,,
ade.dpa,ade.dpa56@gmail.com,16,$P$B1nEFsbYGgoiB66W96VBJo7FixVPPd1,ade-dpa,,"2023-06-22 17:23:55",ade.dpa,member,ade.dpa,ade.dpa,,,true,true,false,fresh,0,true,,"a:1:{s:6:""member"";b:1;}",0,,,,,,1687454635,,,,,,,,,,,,,,,,,,,,,,,,,,ade.dpa,,,"1970-01-01 00:00:00",,,,,,,,,,,,approved,"a:5:{s:14:""account_status"";s:8:""approved"";s:15:""hide_in_members"";b:0;s:13:""profile_photo"";b:0;s:11:""cover_photo"";b:0;s:8:""verified"";b:0;}",,,,ade.dpa,,
boh,boh@mail.com,13,$P$BVWuCfinBc5zkK9JhuePtGqDAiwbt40,boh,,"2023-06-22 16:25:37",boh,member,boh,boh,,,true,true,false,fresh,0,true,,"a:1:{s:6:""member"";b:1;}",0,,"a:1:{s:64:""0caafa9ecfe18cb02c6eed50cec9ce34abbee74f29d1b221ef318b7720d31e3a"";a:4:{s:10:""expiration"";i:1687627053;s:2:""ip"";s:14:""95.232.239.130"";s:2:""ua"";s:111:""Mozilla/5.0 (Windows NT 10.0; Win64; x64) AppleWebKit/537.36 (KHTML, like Gecko) Chrome/114.0.0.0 Safari/537.36"";s:5:""login"";i:1687454253;}}",,a:0:{},,1687451137,,,,,,,,,,,"a:1:{s:2:""ip"";s:12:""95.232.239.0"";}",,,,,,,,,,"a:2:{s:2:""id"";i:59;s:7:""content"";s:29:""vi piacciono i miei messaggi?"";}",,,,0,boh,,,"2023-06-22 17:17:36",,,,,,,a:1:{i:0;i:60;},1,,,,approved,"a:5:{s:14:""account_status"";s:8:""approved"";s:15:""hide_in_members"";b:0;s:13:""profile_photo"";b:0;s:11:""cover_photo"";b:0;s:8:""verified"";b:0;}",,,,boh,,
demo,Ilpadoooo00@gmail.com,3,$P$BxG8rp5oVWNbwmE6aYDX/XM6hg3AC4.,demo,,"2023-06-22 08:22:42",ILPADOODJ,member,ILPADOODJ,demo,user,,true,true,false,fresh,0,false,,"a:1:{s:6:""member"";b:1;}",0,,"a:3:{s:64:""2c79102e9acc06e4b920ece734c44f5ee274ea0bf5a5fcc006c68355d08eac85"";a:4:{s:10:""expiration"";i:1687642511;s:2:""ip"";s:14:""95.232.239.130"";s:2:""ua"";s:111:""Mozilla/5.0 (Windows NT 10.0; Win64; x64) AppleWebKit/537.36 (KHTML, like Gecko) Chrome/114.0.0.0 Safari/537.36"";s:5:""login"";i:1687469711;}s:64:""a6cbfee78c8263520de03a7561130370449912a21a4b65d31f813cab48c7f8b6"";a:4:{s:10:""expiration"";i:1687642694;s:2:""ip"";s:14:""95.232.239.130"";s:2:""ua"";s:111:""Mozilla/5.0 (Windows NT 10.0; Win64; x64) AppleWebKit/537.36 (KHTML, like Gecko) Chrome/114.0.0.0 Safari/537.36"";s:5:""login"";i:1687469894;}s:64:""2e0670b160599bdf24568afb1d8e4a0c0585962dda9606a9356973d496a88dbc"";a:4:{s:10:""expiration"";i:1687642948;s:2:""ip"";s:13:""151.38.249.38"";s:2:""ua"";s:165:""Mozilla/5.0 (Linux; Android 13; SAMSUNG SM-A326B/A326BXXU5CWDC) AppleWebKit/537.36 (KHTML, like Gecko) SamsungBrowser/20.0 Chrome/106.0.5249.126 Mobile Safari/537.36"";s:5:""login"";i:1687470148;}}",,,,1687811762,,,,,,,,,,,,,,,,,,,,,,,,,0,demo,,,"1970-01-01 00:00:00",,,,,,,,,,,,approved,"a:5:{s:14:""account_status"";s:8:""approved"";s:15:""hide_in_members"";b:0;s:13:""profile_photo"";b:0;s:11:""cover_photo"";b:0;s:8:""verified"";b:0;}",1687477348,,,ILPADOODJ,,
gabriel-jones,jjonesblu@gmail.com,4,$P$B9YJiusFdk3p5fBSUcBsR75hgx3mTI0,gabriel-jones,,"2023-06-22 09:20:09","gabriel jones",member,"gabriel jones",gabriel,jones,,true,true,false,fresh,0,false,it_IT,"a:1:{s:6:""member"";b:1;}",0,,"a:2:{s:64:""a0abb1960e59286fc94f7e9090e0ab4c60b560dade6ffabef9a3ea1ec9beede2"";a:4:{s:10:""expiration"";i:1687617686;s:2:""ip"";s:14:""95.232.239.130"";s:2:""ua"";s:111:""Mozilla/5.0 (Windows NT 10.0; Win64; x64) AppleWebKit/537.36 (KHTML, like Gecko) Chrome/114.0.0.0 Safari/537.36"";s:5:""login"";i:1687444886;}s:64:""9bb04107a0ec1195214f5a9388a5be4098edbe9925b7416b3ea3893c9b6ff2b4"";a:4:{s:10:""expiration"";i:1687645295;s:2:""ip"";s:14:""95.232.239.130"";s:2:""ua"";s:111:""Mozilla/5.0 (Windows NT 10.0; Win64; x64) AppleWebKit/537.36 (KHTML, like Gecko) Chrome/114.0.0.0 Safari/537.36"";s:5:""login"";i:1687472495;}}",,a:0:{},,1687436621,,,,,,,,,,,"a:1:{s:2:""ip"";s:12:""95.232.239.0"";}",,,,,,,,1,"a:1:{i:1;s:6:""public"";}","a:2:{s:2:""id"";i:10;s:7:""content"";s:3030:""<span>Titolo: TrendVerseMe - Esplora il Futuro dei Social Media

Introduzione:
Buongiorno a tutti! Sono entusiasta di presentarvi il social media più innovativo e promettente del futuro: TrendVerseMe. Con l'obiettivo di offrire un'esperienza unica e coinvolgente, TrendVerseMe è destinato a rivoluzionare il modo in cui interagiamo e ci connettiamo online. Sia che tu sia un influencer, un appassionato di social media o semplicemente alla ricerca di qualcosa di nuovo, TrendVerseMe è qui per offrirti il massimo divertimento e coinvolgimento. Scopriamo insieme le sue straordinarie funzionalità!

Interfaccia utente intuitiva:
TrendVerseMe è stato progettato con un'interfaccia utente intuitiva, che ti permette di navigare facilmente tra le diverse sezioni e funzionalità. La piattaforma presenta un design moderno e accattivante, con un'organizzazione chiara e semplice dei contenuti, offrendo un'esperienza di utilizzo fluida e piacevole.

Esplora le tendenze:
Con TrendVerseMe, sarai sempre al passo con le ultime tendenze. La funzione di esplorazione delle tendenze ti permette di scoprire i contenuti più popolari e rilevanti del momento. Potrai visualizzare i post, i video e le immagini più discussi, nonché seguire gli argomenti di tuo interesse per rimanere costantemente aggiornato.

Connessioni significative:
TrendVerseMe si concentra sulla creazione di connessioni autentiche e significative. Potrai connetterti con persone di interessi simili, creare gruppi di discussione, partecipare a comunità tematiche e condividere le tue passioni con una vasta gamma di utenti. Il nostro algoritmo intelligente ti suggerirà inoltre profili e contenuti che potrebbero interessarti, rendendo l'esperienza ancora più personalizzata.

Modalità di espressione innovative:
Esprimi la tua creatività con TrendVerseMe attraverso una serie di modalità innovative. Oltre ai testi, potrai condividere foto, video, creare storie, condurre sondaggi, organizzare eventi e molto altro ancora. La nostra piattaforma supporta un'ampia gamma di formati, offrendo molteplici possibilità per condividere e interagire con il tuo pubblico.

Privacy e sicurezza al primo posto:
Sappiamo quanto sia importante la privacy online, quindi TrendVerseMe mette al primo posto la sicurezza e la protezione dei tuoi dati personali. Forniamo strumenti avanzati per gestire le tue impostazioni di privacy e ti offriamo un controllo completo sui tuoi dati. La tua esperienza su TrendVerseMe sarà sempre sicura e protetta.

Conclusioni:
TrendVerseMe è destinato a diventare il futuro dei social media. Con le sue funzionalità all'avanguardia, un'interfaccia utente intuitiva e un'attenzione particolare alla privacy, siamo fiduciosi che gli utenti troveranno in TrendVerseMe un nuovo modo coinvolgente e innovativo di connettersi e condividere online. Il 6 agosto 2023, preparatevi a entrare in una nuova era dei social media con TrendVerseMe!


</span><span>

© </span><span>Titolo: TrendVerseMe - Esplora il Futuro dei Social Media</span>"";}",,,,0,gabriel-jones,,,"2023-06-22 16:17:40",,,,,,,a:1:{i:0;i:61;},1,,,,approved,"a:5:{s:14:""account_status"";s:8:""approved"";s:15:""hide_in_members"";b:0;s:13:""profile_photo"";b:0;s:11:""cover_photo"";b:0;s:8:""verified"";b:0;}",1687479695,,,"gabriel jones",,
ILPADOODJ,ILPADOODJ@demo.user,22,$P$BxvwW19y8GkdsmHAkxpIXLt1kzIwS81,ilpadoodj,,"2023-06-22 21:33:30",ILPADOODJ,member,ILPADOODJ,ILPADOODJ,,,true,true,false,fresh,0,true,,"a:1:{s:6:""member"";b:1;}",0,,"a:3:{s:64:""8f4b64c6cf46077e034cd6db052aae62118d5e6d992e372ce04c0c077090951a"";a:4:{s:10:""expiration"";i:1687643126;s:2:""ip"";s:14:""95.232.239.130"";s:2:""ua"";s:111:""Mozilla/5.0 (Windows NT 10.0; Win64; x64) AppleWebKit/537.36 (KHTML, like Gecko) Chrome/114.0.0.0 Safari/537.36"";s:5:""login"";i:1687470326;}s:64:""99ac31d2b8e398d8f7d503f1f33163eae913345ce2e0aafb92574885e29ec196"";a:4:{s:10:""expiration"";i:1687643209;s:2:""ip"";s:14:""95.232.239.130"";s:2:""ua"";s:111:""Mozilla/5.0 (Windows NT 10.0; Win64; x64) AppleWebKit/537.36 (KHTML, like Gecko) Chrome/114.0.0.0 Safari/537.36"";s:5:""login"";i:1687470409;}s:64:""3c4b643aa9a0c9e6deaa3ed8211bff62f8f78f246154be1dd5c4a3ac419ddcda"";a:4:{s:10:""expiration"";i:1687717018;s:2:""ip"";s:13:""151.38.151.80"";s:2:""ua"";s:165:""Mozilla/5.0 (Linux; Android 13; SAMSUNG SM-A326B/A326BXXU5CWDC) AppleWebKit/537.36 (KHTML, like Gecko) SamsungBrowser/20.0 Chrome/106.0.5249.126 Mobile Safari/537.36"";s:5:""login"";i:1687544218;}}",,,,1687469611,,,,,,,,,,,,,,,,,,,,,,,,,0,ILPADOODJ,,d8f581cb92a7c44199781c7b6afede25,,,,,,,,,,,,,,"a:5:{s:14:""account_status"";b:0;s:15:""hide_in_members"";b:0;s:13:""profile_photo"";b:0;s:11:""cover_photo"";b:0;s:8:""verified"";b:0;}",1687551418,,,ILPADOODJ,,
marco_vit,marco_vit@demouser.it,18,$P$B9b/TM8z054Bu5Vt6OQseLUOApjdgs.,marco_vit,,"2023-06-22 18:59:49",marco_vit,member,marco_vit,marco_vit,,,true,true,false,fresh,0,true,,"a:1:{s:6:""member"";b:1;}",0,,"a:5:{s:64:""52d6b8e74c51e9a5b374e9216f8c05778a04c6b2148c9a402b1b680ce84295bc"";a:4:{s:10:""expiration"";i:1688670356;s:2:""ip"";s:14:""109.52.205.155"";s:2:""ua"";s:199:""Mozilla/5.0 (iPhone; CPU iPhone OS 16_5 like Mac OS X) AppleWebKit/605.1.15 (KHTML, like Gecko) Mobile/20F66 Instagram 288.0.0.15.65 (iPhone12,8; iOS 16_5; it_IT; it; scale=2.00; 750x1334; 485526738)"";s:5:""login"";i:1687460756;}s:64:""b6862ccece0273962110d74d51e2bf22acb7a29b25e3d8329f26ef946224e3ee"";a:4:{s:10:""expiration"";i:1687639412;s:2:""ip"";s:13:""37.161.84.161"";s:2:""ua"";s:272:""Mozilla/5.0 (Linux; Android 10; POT-LX1 Build/HUAWEIPOT-L21; wv) AppleWebKit/537.36 (KHTML, like Gecko) Version/4.0 Chrome/108.0.5359.128 Mobile Safari/537.36 Instagram 283.0.0.20.105 Android (29/10; 480dpi; 1080x2139; HUAWEI; POT-LX1; HWPOT-H; kirin710; it_IT; 475221263)"";s:5:""login"";i:1687466612;}s:64:""80671c331949568ef5f62aaca067332e0a2826498f08d91bd0618093013fe7c3"";a:4:{s:10:""expiration"";i:1687639679;s:2:""ip"";s:13:""37.161.84.161"";s:2:""ua"";s:111:""Mozilla/5.0 (Linux; Android 10; K) AppleWebKit/537.36 (KHTML, like Gecko) Chrome/110.0.0.0 Mobile Safari/537.36"";s:5:""login"";i:1687466879;}s:64:""649efde3e2b0522c06bfd81ff459d9f16971f008fdb9925a27589f22e784dbda"";a:4:{s:10:""expiration"";i:1687639928;s:2:""ip"";s:13:""37.161.84.161"";s:2:""ua"";s:111:""Mozilla/5.0 (Linux; Android 10; K) AppleWebKit/537.36 (KHTML, like Gecko) Chrome/110.0.0.0 Mobile Safari/537.36"";s:5:""login"";i:1687467128;}s:64:""bdc258947420290e5bef6c4504f3087f467eaec7ee4b670538d7dbd88bf361a7"";a:4:{s:10:""expiration"";i:1688679188;s:2:""ip"";s:11:""93.70.70.64"";s:2:""ua"";s:202:""Mozilla/5.0 (iPhone; CPU iPhone OS 16_6 like Mac OS X) AppleWebKit/605.1.15 (KHTML, like Gecko) Mobile/20G5026e Instagram 288.0.0.15.65 (iPhone12,8; iOS 16_6; it_IT; it; scale=2.00; 750x1334; 485526738)"";s:5:""login"";i:1687469588;}}",,,,1687460389,,,,,,,,,,,,,,,,,,,,,,,,,0,marco_vit,,,"2023-06-22 20:52:32",,,,,,,,,,,,approved,"a:5:{s:14:""account_status"";s:8:""approved"";s:15:""hide_in_members"";b:0;s:13:""profile_photo"";b:0;s:11:""cover_photo"";b:0;s:8:""verified"";b:0;}",1687476788,,,marco_vit,,
miky,mjmichelle35@gmail.com,17,$P$BYvx.zx/yRmBBK8YbHU5ElaO9sGgUh0,miky,,"2023-06-22 17:24:49",miky,member,miky,miky,,,true,true,false,fresh,0,true,,"a:1:{s:6:""member"";b:1;}",0,,,,,,1687454689,,,,,,,,,,,,,,,,,,,,,,,,,,miky,,,"1970-01-01 00:00:00",,,,,,,,,,,,approved,"a:5:{s:14:""account_status"";s:8:""approved"";s:15:""hide_in_members"";b:0;s:13:""profile_photo"";b:0;s:11:""cover_photo"";b:0;s:8:""verified"";b:0;}",,,,miky,,
naan,nana@demouser.com,9,$P$B5EAkZu.gwASk3O6CFGdK60u5bkUew/,naan,,"2023-06-22 12:17:49",naan,member,naan,naan,,,true,true,false,fresh,0,true,,"a:1:{s:6:""member"";b:1;}",0,,"a:2:{s:64:""a73b0e6f42c1c1ea08a04528f56aa6151e758034c3a076d83eae3e83c37956f7"";a:4:{s:10:""expiration"";i:1687609690;s:2:""ip"";s:15:""193.207.113.124"";s:2:""ua"";s:111:""Mozilla/5.0 (Linux; Android 10; K) AppleWebKit/537.36 (KHTML, like Gecko) Chrome/113.0.0.0 Mobile Safari/537.36"";s:5:""login"";i:1687436890;}s:64:""c9b1b9cbd39bd205ee85af6ed8085a25ed08d507a1b359d3020d51914f44ae91"";a:4:{s:10:""expiration"";i:1687610576;s:2:""ip"";s:15:""193.207.113.124"";s:2:""ua"";s:111:""Mozilla/5.0 (Linux; Android 10; K) AppleWebKit/537.36 (KHTML, like Gecko) Chrome/113.0.0.0 Mobile Safari/537.36"";s:5:""login"";i:1687437776;}}",,,,1687436269,,,,,,,,,,,,,,,,,,,,,"a:2:{s:2:""id"";i:13;s:7:""content"";s:5:""Bella"";}",,,,0,naan,,,"2023-06-22 12:43:04",,,,,,"a:1:{i:3;s:1:""5"";}",,,,,,approved,"a:5:{s:14:""account_status"";s:8:""approved"";s:15:""hide_in_members"";b:0;s:13:""profile_photo"";b:0;s:11:""cover_photo"";b:0;s:8:""verified"";b:0;}",,,,naan,,
nutellina,nutellina@gmail.com,14,$P$BsVcv4dOI1B9nzxFnARfM9jrO25.B/0,nutellina,,"2023-06-22 16:28:32",nutellina,member,nutellina,nutellina,,,true,true,false,fresh,0,true,,"a:1:{s:6:""member"";b:1;}",0,,,,a:0:{},,1687451312,,,,,,,,,,,"a:1:{s:2:""ip"";s:12:""95.232.239.0"";}",,,,,,,,,,"a:2:{s:2:""id"";i:32;s:7:""content"";s:19:""basta e state zitti"";}",,,,0,nutellina,,,"2023-06-22 17:15:21",,,,,,,,,,,,approved,"a:5:{s:14:""account_status"";s:8:""approved"";s:15:""hide_in_members"";b:0;s:13:""profile_photo"";b:0;s:11:""cover_photo"";b:0;s:8:""verified"";b:0;}",,,,nutellina,,
onlygabbyme,onlygabbyme@demouser.com,7,$P$BA/8Tyr1xbIvzz6TIUvGXM5.fPCdXv0,onlygabbyme,,"2023-06-22 10:58:19",onlygabbyme,"member,administrator,author,contributor,editor,subscriber,wpseo_editor,wpseo_manager",onlygabbyme,onlygabbyme,,,true,true,false,fresh,0,true,,"a:8:{s:6:""member"";b:1;s:13:""administrator"";b:1;s:6:""author"";b:1;s:11:""contributor"";b:1;s:6:""editor"";b:1;s:10:""subscriber"";b:1;s:12:""wpseo_editor"";b:1;s:13:""wpseo_manager"";b:1;}",10,,"a:3:{s:64:""c74ced8e13ba6f1c15887645dfad6a7345e4bc79216510e41a46299a5bc2aeca"";a:4:{s:10:""expiration"";i:1687814742;s:2:""ip"";s:13:""80.116.113.43"";s:2:""ua"";s:111:""Mozilla/5.0 (Windows NT 10.0; Win64; x64) AppleWebKit/537.36 (KHTML, like Gecko) Chrome/114.0.0.0 Safari/537.36"";s:5:""login"";i:1687641942;}s:64:""0ba572cf02e846c00b203e659310588e264a318f3bca327d32549adced4e110f"";a:4:{s:10:""expiration"";i:1687816213;s:2:""ip"";s:13:""80.116.113.43"";s:2:""ua"";s:111:""Mozilla/5.0 (Windows NT 10.0; Win64; x64) AppleWebKit/537.36 (KHTML, like Gecko) Chrome/114.0.0.0 Safari/537.36"";s:5:""login"";i:1687643413;}s:64:""fbfb624640919edca348e1fe464d6607e9ec31643dc82a905060e10339fdba62"";a:4:{s:10:""expiration"";i:1689021644;s:2:""ip"";s:14:""95.236.232.126"";s:2:""ua"";s:111:""Mozilla/5.0 (Windows NT 10.0; Win64; x64) AppleWebKit/537.36 (KHTML, like Gecko) Chrome/114.0.0.0 Safari/537.36"";s:5:""login"";i:1687812044;}}",,a:0:{},86,1687460300,,,,,,,,,,,"a:1:{s:2:""ip"";s:12:""95.236.232.0"";}",,,,,,,,1,,"a:2:{s:2:""id"";i:71;s:7:""content"";s:25:""no vabbè, i love netflix"";}","a:2:{s:14:""core/edit-post"";a:1:{s:10:""openPanels"";a:2:{i:0;s:11:""post-status"";i:1;s:24:""yoast-seo/document-panel"";}}s:9:""_modified"";s:24:""2023-06-23T19:58:45.315Z"";}",,,0,onlygabbyme,,,"2023-06-22 18:59:20",,,,,,,,,,,1,approved,"a:5:{s:14:""account_status"";s:8:""approved"";s:15:""hide_in_members"";b:0;s:13:""profile_photo"";b:0;s:11:""cover_photo"";b:0;s:8:""verified"";b:0;}",1687819244,,,onlygabbyme,1,
pgpeppe,giuseppepetralia79gimale@gmail.com,2,$P$B7U7S5ufd.vaefHaduwxn4dByQy7is1,pgpeppe,,"2023-06-22 08:18:16",pgpeppe,"subscriber,member",pgpeppe,pgpeppe,,,true,true,false,fresh,0,false,it_IT,"a:2:{s:10:""subscriber"";b:1;s:6:""member"";b:1;}",0,,"a:1:{s:64:""010c777c6800125d91adf6eec211d8d07a114fe553d543bdf8aaba3f2dfb7629"";a:4:{s:10:""expiration"";i:1688687299;s:2:""ip"";s:12:""37.160.24.85"";s:2:""ua"";s:111:""Mozilla/5.0 (Linux; Android 10; K) AppleWebKit/537.36 (KHTML, like Gecko) Chrome/113.0.0.0 Mobile Safari/537.36"";s:5:""login"";i:1687477699;}}",,,,1687470244,,,,,,,,,,,,,,,,,,,1,"a:1:{i:1;s:6:""public"";}","a:2:{s:2:""id"";i:70;s:7:""content"";s:10:""Ciao&nbsp;"";}",,,,0,pgpeppe,,,"1970-01-01 00:00:00",,,,,,"a:1:{i:1;s:1:""1"";}",,,a:0:{},,,approved,"a:5:{s:14:""account_status"";s:8:""approved"";s:15:""hide_in_members"";b:0;s:13:""profile_photo"";b:0;s:11:""cover_photo"";b:0;s:8:""verified"";b:0;}",1687484899,,,pgpeppe,,
trendverseme,universalnetwork.net@gmail.com,1,$P$65dojbc2KdDFu0B/mtr0ai66nTx4TU/,trendverseme,,"2023-06-22 08:04:52",trendverseme,administrator,trendverseme,,,,true,true,false,fresh,0,true,,"a:1:{s:13:""administrator"";b:1;}",10,theme_editor_notice,"a:1:{s:64:""1b143dc4949e40b8e3ffe72e247039f5088823e76e53e5dbd02d645dafe62239"";a:4:{s:10:""expiration"";i:1688635401;s:2:""ip"";s:14:""95.232.239.130"";s:2:""ua"";s:111:""Mozilla/5.0 (Windows NT 10.0; Win64; x64) AppleWebKit/537.36 (KHTML, like Gecko) Chrome/114.0.0.0 Safari/537.36"";s:5:""login"";i:1687425801;}}","a:1:{i:0;a:2:{s:7:""message"";s:235:""Sembra che sia stato aggiunto un nuovo tipo di contenuto al sito web. Ti consigliamo di rivedere le <a href=""https://trendverseme.altervista.org/wp-admin/admin.php?page=wpseo_page_settings"">impostazioni</a> alla voce Tipi di contenuto."";s:7:""options"";a:10:{s:4:""type"";s:7:""warning"";s:2:""id"";s:22:""post-types-made-public"";s:4:""user"";O:7:""WP_User"":8:{s:4:""data"";O:8:""stdClass"":10:{s:2:""ID"";s:1:""1"";s:10:""user_login"";s:12:""trendverseme"";s:9:""user_pass"";s:34:""$P$Bg2n3PCo8vsHeeboquGmuGEhYNr7FF1"";s:13:""user_nicename"";s:12:""trendverseme"";s:10:""user_email"";s:30:""universalnetwork.net@gmail.com"";s:8:""user_url"";s:0:"""";s:15:""user_registered"";s:19:""2023-06-22 08:04:52"";s:19:""user_activation_key"";s:0:"""";s:11:""user_status"";s:1:""0"";s:12:""display_name"";s:12:""trendverseme"";}s:2:""ID"";i:1;s:4:""caps"";a:1:{s:13:""administrator"";b:1;}s:7:""cap_key"";s:17:""avwp_capabilities"";s:5:""roles"";a:1:{i:0;s:13:""administrator"";}s:7:""allcaps"";a:76:{s:13:""switch_themes"";b:1;s:11:""edit_themes"";b:1;s:16:""activate_plugins"";b:1;s:12:""edit_plugins"";b:1;s:10:""edit_users"";b:1;s:10:""edit_files"";b:1;s:14:""manage_options"";b:1;s:17:""moderate_comments"";b:1;s:17:""manage_categories"";b:1;s:12:""manage_links"";b:1;s:12:""upload_files"";b:1;s:6:""import"";b:1;s:15:""unfiltered_html"";b:1;s:10:""edit_posts"";b:1;s:17:""edit_others_posts"";b:1;s:20:""edit_published_posts"";b:1;s:13:""publish_posts"";b:1;s:10:""edit_pages"";b:1;s:4:""read"";b:1;s:8:""level_10"";b:1;s:7:""level_9"";b:1;s:7:""level_8"";b:1;s:7:""level_7"";b:1;s:7:""level_6"";b:1;s:7:""level_5"";b:1;s:7:""level_4"";b:1;s:7:""level_3"";b:1;s:7:""level_2"";b:1;s:7:""level_1"";b:1;s:7:""level_0"";b:1;s:17:""edit_others_pages"";b:1;s:20:""edit_published_pages"";b:1;s:13:""publish_pages"";b:1;s:12:""delete_pages"";b:1;s:19:""delete_others_pages"";b:1;s:22:""delete_published_pages"";b:1;s:12:""delete_posts"";b:1;s:19:""delete_others_posts"";b:1;s:22:""delete_published_posts"";b:1;s:20:""delete_private_posts"";b:1;s:18:""edit_private_posts"";b:1;s:18:""read_private_posts"";b:1;s:20:""delete_private_pages"";b:1;s:18:""edit_private_pages"";b:1;s:18:""read_private_pages"";b:1;s:12:""delete_users"";b:1;s:12:""create_users"";b:1;s:17:""unfiltered_upload"";b:1;s:14:""edit_dashboard"";b:1;s:14:""update_plugins"";b:1;s:14:""delete_plugins"";b:1;s:15:""install_plugins"";b:1;s:13:""update_themes"";b:1;s:14:""install_themes"";b:1;s:11:""update_core"";b:1;s:10:""list_users"";b:1;s:12:""remove_users"";b:1;s:13:""promote_users"";b:1;s:18:""edit_theme_options"";b:1;s:13:""delete_themes"";b:1;s:6:""export"";b:1;s:20:""wpseo_manage_options"";b:1;s:11:""bp_moderate"";b:1;s:16:""restrict_content"";b:1;s:10:""list_roles"";b:1;s:12:""create_roles"";b:1;s:12:""delete_roles"";b:1;s:10:""edit_roles"";b:1;s:16:""delete_bps_forms"";b:1;s:23:""delete_others_bps_forms"";b:1;s:26:""delete_published_bps_forms"";b:1;s:14:""edit_bps_forms"";b:1;s:21:""edit_others_bps_forms"";b:1;s:24:""edit_published_bps_forms"";b:1;s:17:""publish_bps_forms"";b:1;s:13:""administrator"";b:1;}s:6:""filter"";N;s:16:"" WP_User site_id"";i:1;}s:5:""nonce"";N;s:8:""priority"";d:0.8;s:9:""data_json"";a:0:{}s:13:""dismissal_key"";N;s:12:""capabilities"";s:20:""wpseo_manage_options"";s:16:""capability_check"";s:3:""all"";s:14:""yoast_branding"";b:0;}}}",a:0:{},11,1687424788,,,,,,,,,,,"a:1:{s:2:""ip"";s:12:""95.236.232.0"";}",,,,,,,,1,"a:1:{i:1;s:6:""public"";}","a:2:{s:2:""id"";i:72;s:7:""content"";s:88:""sto aggiungendo nuove funzionalità, chi riesce a trovarle tutte vi metto il verificato."";}","a:2:{s:14:""core/edit-post"";a:3:{s:10:""openPanels"";a:2:{i:0;s:11:""post-status"";i:1;s:24:""yoast-seo/document-panel"";}s:26:""isComplementaryAreaVisible"";b:1;s:12:""welcomeGuide"";b:0;}s:9:""_modified"";s:24:""2023-06-22T08:50:57.463Z"";}",libraryContent=browse,1687425163,0,trendverseme,,,"2023-06-22 20:55:29",no,yes,24,"a:5:{i:0;s:11:""link-target"";i:1;s:11:""css-classes"";i:2;s:3:""xfn"";i:3;s:11:""description"";i:4;s:15:""title-attribute"";}","a:4:{i:0;s:23:""add-buddypress-nav-menu"";i:1;s:25:""add-post-type-mpp-gallery"";i:2;s:12:""add-post_tag"";i:3;s:15:""add-post_format"";}",,,,a:1:{i:0;i:13;},0,,approved,"a:5:{s:14:""account_status"";s:8:""approved"";s:15:""hide_in_members"";b:0;s:13:""profile_photo"";b:0;s:11:""cover_photo"";b:0;s:8:""verified"";b:0;}",,1,,,,
trendversemeUser77,trendversemeUser77@best.com,26,$P$BiaaVSSEI74UKBRsZWiFLBO1eelRkD.,trendversemeuser77,,"2023-06-26 21:11:47",trendversemeUser77,wpseo_editor,trendversemeUser77,trendversemeUser77,,,true,true,false,fresh,0,true,,"a:1:{s:12:""wpseo_editor"";b:1;}",7,,,,,,1687813908,,,,,,,,,,,,,,,,,,,,,,,,,,trendversemeUser77,,cd0588db78fe8026406705a8391d7e94,,,,,,,,,,,,,,"a:5:{s:14:""account_status"";b:0;s:15:""hide_in_members"";b:0;s:13:""profile_photo"";b:0;s:11:""cover_photo"";b:0;s:8:""verified"";b:0;}",,,,trendversemeUser77,,
trendversemeUser770,trendversemeUser770@best.com,27,$P$BSTYdbqCOjb5T6l.Cg2UdTL/93pmy80,trendversemeuser770,,"2023-06-26 21:11:48",trendversemeUser770,wpseo_editor,trendversemeUser770,trendversemeUser770,,,true,true,false,fresh,0,true,,"a:1:{s:12:""wpseo_editor"";b:1;}",7,,,,,,1687813910,,,,,,,,,,,,,,,,,,,,,,,,,,trendversemeUser770,,5005d2ee2b5744f1058594c2b43ecc97,,,,,,,,,,,,,,"a:5:{s:14:""account_status"";b:0;s:15:""hide_in_members"";b:0;s:13:""profile_photo"";b:0;s:11:""cover_photo"";b:0;s:8:""verified"";b:0;}",,,,trendversemeUser770,,
trendversemeUser771,trendversemeUser771@best.com,28,$P$BQdRvpIYsgiFx0ljNVgtJyJTg91xPe0,trendversemeuser771,,"2023-06-26 21:11:50",trendversemeUser771,wpseo_editor,trendversemeUser771,trendversemeUser771,,,true,true,false,fresh,0,true,,"a:1:{s:12:""wpseo_editor"";b:1;}",7,,,,,,1687813911,,,,,,,,,,,,,,,,,,,,,,,,,,trendversemeUser771,,d825a3480dcfab5cc3331cdd121b4726,,,,,,,,,,,,,,"a:5:{s:14:""account_status"";b:0;s:15:""hide_in_members"";b:0;s:13:""profile_photo"";b:0;s:11:""cover_photo"";b:0;s:8:""verified"";b:0;}",,,,trendversemeUser771,,
trendversemeUser772,trendversemeUser772@best.com,29,$P$Bw0oto8spSSF9jBaVQmlfz2e5rba1A.,trendversemeuser772,,"2023-06-26 21:11:51",trendversemeUser772,wpseo_editor,trendversemeUser772,trendversemeUser772,,,true,true,false,fresh,0,true,,"a:1:{s:12:""wpseo_editor"";b:1;}",7,,,,,,1687813912,,,,,,,,,,,,,,,,,,,,,,,,,,trendversemeUser772,,078284e7832d57da7609a59dc73eeff4,,,,,,,,,,,,,,"a:5:{s:14:""account_status"";b:0;s:15:""hide_in_members"";b:0;s:13:""profile_photo"";b:0;s:11:""cover_photo"";b:0;s:8:""verified"";b:0;}",,,,trendversemeUser772,,
User,demo@beta.commm,23,$P$BVTAZBdqgExOujywlB5uTLLPoAUAMF0,user,,"2023-06-26 20:44:03",User,member,User,User,,,true,true,false,fresh,0,true,,"a:1:{s:6:""member"";b:1;}",0,,,,,,1687812245,,,,,,,,,,,,,,,,,,,,,,,,,,User,,757ff1142f4af16d277f37d14698cca8,,,,,,,,,,,,,,"a:5:{s:14:""account_status"";b:0;s:15:""hide_in_members"";b:0;s:13:""profile_photo"";b:0;s:11:""cover_photo"";b:0;s:8:""verified"";b:0;}",,,,User,,
user10,user1@exa1234mple.com,37,$P$BeHDarVduDZVVYF3oF8U9tKDLpuEyJ1,user10,,"2023-06-26 21:23:51",user10,wpseo_editor,user10,user10,,,true,true,false,fresh,0,true,,"a:1:{s:12:""wpseo_editor"";b:1;}",7,,,,,,1687814632,,,,,,,,,,,,,,,,,,,,,,,,,,user10,,7aa2aa7659b172249502c872408164a2,,,,,,,,,,,,,,"a:5:{s:14:""account_status"";b:0;s:15:""hide_in_members"";b:0;s:13:""profile_photo"";b:0;s:11:""cover_photo"";b:0;s:8:""verified"";b:0;}",,,user1@exa1234mple.com,user10,,
user11,user1@exa2134mple.com,38,$P$BmUoJpGkr6LSKTGa7YN3urZU4JDUcf1,user11,,"2023-06-26 21:23:52",user11,wpseo_editor,user11,user11,,,true,true,false,fresh,0,true,,"a:1:{s:12:""wpseo_editor"";b:1;}",7,,,,,,1687814634,,,,,,,,,,,,,,,,,,,,,,,,,,user11,,7adf205437a99e6b582435d3dcbcf123,,,,,,,,,,,,,,"a:5:{s:14:""account_status"";b:0;s:15:""hide_in_members"";b:0;s:13:""profile_photo"";b:0;s:11:""cover_photo"";b:0;s:8:""verified"";b:0;}",,,user1@exa2134mple.com,user11,,
user12,user1@examp2341le.com,39,$P$BRrT/CuuQgrSsXck6VFZnJRFDAjB3w0,user12,,"2023-06-26 21:23:54",user12,wpseo_editor,user12,user12,,,true,true,false,fresh,0,true,,"a:1:{s:12:""wpseo_editor"";b:1;}",7,,,,,,1687814635,,,,,,,,,,,,,,,,,,,,,,,,,,user12,,eb8033b0adbd23be9f6ef6d79dc51782,,,,,,,,,,,,,,"a:5:{s:14:""account_status"";b:0;s:15:""hide_in_members"";b:0;s:13:""profile_photo"";b:0;s:11:""cover_photo"";b:0;s:8:""verified"";b:0;}",,,user1@examp2341le.com,user12,,
user129,user129@maildemo.com,6,$P$BkLlHRgzzlX3vbA8pu71GhV25L/CX20,user129,,"2023-06-22 10:39:02",user129,member,user129,user129,,,true,true,false,fresh,0,true,,"a:1:{s:6:""member"";b:1;}",0,,"a:1:{s:64:""b73c8a4b4596a4694a3e91f2feae7e0c1ed5cce8d39290e5e17eeb183fa2af43"";a:4:{s:10:""expiration"";i:1687604126;s:2:""ip"";s:14:""95.232.239.130"";s:2:""ua"";s:111:""Mozilla/5.0 (Windows NT 10.0; Win64; x64) AppleWebKit/537.36 (KHTML, like Gecko) Chrome/114.0.0.0 Safari/537.36"";s:5:""login"";i:1687431326;}}",,,,1687431200,,,,,,,,,,,,,,,,,,,,,,,,,0,user129,,,"2023-06-22 10:55:26",,,,,,,,,,,,approved,"a:5:{s:14:""account_status"";s:8:""approved"";s:15:""hide_in_members"";b:0;s:13:""profile_photo"";b:0;s:11:""cover_photo"";b:0;s:8:""verified"";b:0;}",,,,user129,,
user13,user1@324123.com,40,$P$BXr8wjq5mpUVqFCwUIMNcpI.ogCOf3.,user13,,"2023-06-26 21:23:55",user13,wpseo_editor,user13,user13,,,true,true,false,fresh,0,true,,"a:1:{s:12:""wpseo_editor"";b:1;}",7,,,,,,1687814636,,,,,,,,,,,,,,,,,,,,,,,,,,user13,,b0dff50cf0105158cdf2d99308c4ebfb,,,,,,,,,,,,,,"a:5:{s:14:""account_status"";b:0;s:15:""hide_in_members"";b:0;s:13:""profile_photo"";b:0;s:11:""cover_photo"";b:0;s:8:""verified"";b:0;}",,,user1@324123.com,user13,,
user14,user1@exampl3412e.com,41,$P$BDq/aEOmVGh3KLT7mU3R.QWLNm7tAa.,user14,,"2023-06-26 21:23:56",user14,wpseo_editor,user14,user14,,,true,true,false,fresh,0,true,,"a:1:{s:12:""wpseo_editor"";b:1;}",7,,,,,,1687814637,,,,,,,,,,,,,,,,,,,,,,,,,,user14,,5cd8299e8413e365dbe916f11fe84afd,,,,,,,,,,,,,,"a:5:{s:14:""account_status"";b:0;s:15:""hide_in_members"";b:0;s:13:""profile_photo"";b:0;s:11:""cover_photo"";b:0;s:8:""verified"";b:0;}",,,user1@exampl3412e.com,user14,,
user15,user1@ex1324ample.com,42,$P$BN//tAQVoZCK/SslRYogwE/KFp977v0,user15,,"2023-06-26 21:23:57",user15,wpseo_editor,user15,user15,,,true,true,false,fresh,0,true,,"a:1:{s:12:""wpseo_editor"";b:1;}",7,,,,,,1687814638,,,,,,,,,,,,,,,,,,,,,,,,,,user15,,9008ec3f7e19db497374a573d4942e95,,,,,,,,,,,,,,"a:5:{s:14:""account_status"";b:0;s:15:""hide_in_members"";b:0;s:13:""profile_photo"";b:0;s:11:""cover_photo"";b:0;s:8:""verified"";b:0;}",,,user1@ex1324ample.com,user15,,
user17,user1@e4123xample.com,43,$P$BIv/DpoaU2PV0nDFMis4/QStIEzk6U.,user17,,"2023-06-26 21:23:58",user17,wpseo_editor,user17,user17,,,true,true,false,fresh,0,true,,"a:1:{s:12:""wpseo_editor"";b:1;}",7,,,,,,1687814639,,,,,,,,,,,,,,,,,,,,,,,,,,user17,,786e7c14660038867a4ddbedd875d9ab,,,,,,,,,,,,,,"a:5:{s:14:""account_status"";b:0;s:15:""hide_in_members"";b:0;s:13:""profile_photo"";b:0;s:11:""cover_photo"";b:0;s:8:""verified"";b:0;}",,,user1@e4123xample.com,user17,,
user18,u3124ser1@example.com,44,$P$BTCN9M/3jwOMtLAtM3SkJgI2jzKJOC/,user18,,"2023-06-26 21:23:59",user18,wpseo_editor,user18,user18,,,true,true,false,fresh,0,true,,"a:1:{s:12:""wpseo_editor"";b:1;}",7,,,,,,1687814640,,,,,,,,,,,,,,,,,,,,,,,,,,user18,,dd956546212639aa89f6a4799e0a6409,,,,,,,,,,,,,,"a:5:{s:14:""account_status"";b:0;s:15:""hide_in_members"";b:0;s:13:""profile_photo"";b:0;s:11:""cover_photo"";b:0;s:8:""verified"";b:0;}",,,u3124ser1@example.com,user18,,
user19,user1@exam1324ple.com,45,$P$BwifFofUTpxwdwwKQmqC04uJzgbJm.0,user19,,"2023-06-26 21:24:00",user19,wpseo_editor,user19,user19,,,true,true,false,fresh,0,true,,"a:1:{s:12:""wpseo_editor"";b:1;}",7,,,,,,1687814641,,,,,,,,,,,,,,,,,,,,,,,,,,user19,,1ae6c6c20400c0f34a3a3b51b50d06d7,,,,,,,,,,,,,,"a:5:{s:14:""account_status"";b:0;s:15:""hide_in_members"";b:0;s:13:""profile_photo"";b:0;s:11:""cover_photo"";b:0;s:8:""verified"";b:0;}",,,user1@exam1324ple.com,user19,,
user2,user2@example.com,30,$P$BMb0MT6V9XYM5jc9r1V15O44dZzC1m1,user2,,"2023-06-26 21:23:43",user2,wpseo_editor,user2,user2,,,true,true,false,fresh,0,true,,"a:1:{s:12:""wpseo_editor"";b:1;}",7,,,,,,1687814624,,,,,,,,,,,,,,,,,,,,,,,,,,user2,,ab53a2911ddf9b4817ac01ddcd3d975f,,,,,,,,,,,,,,"a:5:{s:14:""account_status"";b:0;s:15:""hide_in_members"";b:0;s:13:""profile_photo"";b:0;s:11:""cover_photo"";b:0;s:8:""verified"";b:0;}",,,user2@example.com,user2,,
user20,user1@exam3421ple.com,46,$P$Bb5xE4Mtjd98bhl.oeXqXx.KDEQA39/,user20,,"2023-06-26 21:24:01",user20,wpseo_editor,user20,user20,,,true,true,false,fresh,0,true,,"a:1:{s:12:""wpseo_editor"";b:1;}",7,,,,,,1687814643,,,,,,,,,,,,,,,,,,,,,,,,,,user20,,482c26ab3ffa87cbdd56817876919bc2,,,,,,,,,,,,,,"a:5:{s:14:""account_status"";b:0;s:15:""hide_in_members"";b:0;s:13:""profile_photo"";b:0;s:11:""cover_photo"";b:0;s:8:""verified"";b:0;}",,,user1@exam3421ple.com,user20,,
user21,user1@example.com3124,47,$P$BXtgO5SVZ9bn0Tq4o1KgYXsNlj5o7m.,user21,,"2023-06-26 21:24:03",user21,wpseo_editor,user21,user21,,,true,true,false,fresh,0,true,,"a:1:{s:12:""wpseo_editor"";b:1;}",7,,,,,,1687814644,,,,,,,,,,,,,,,,,,,,,,,,,,user21,,f91d4b93940e35ba647a73309faac153,,,,,,,,,,,,,,"a:5:{s:14:""account_status"";b:0;s:15:""hide_in_members"";b:0;s:13:""profile_photo"";b:0;s:11:""cover_photo"";b:0;s:8:""verified"";b:0;}",,,user1@example.com3124,user21,,
user22,user1@e1324xample.com,48,$P$BrnKf5f8i2nLWul/uDao6MfXDrpOb01,user22,,"2023-06-26 21:24:04",user22,wpseo_editor,user22,user22,,,true,true,false,fresh,0,true,,"a:1:{s:12:""wpseo_editor"";b:1;}",7,,,,,,1687814645,,,,,,,,,,,,,,,,,,,,,,,,,,user22,,55b9a204a223ee76a928be2c54294a69,,,,,,,,,,,,,,"a:5:{s:14:""account_status"";b:0;s:15:""hide_in_members"";b:0;s:13:""profile_photo"";b:0;s:11:""cover_photo"";b:0;s:8:""verified"";b:0;}",,,user1@e1324xample.com,user22,,
user24,user1@exam54235ple.com,49,$P$BCoSUlErRn20w7Jc8CKp97ool/yx.q/,user24,,"2023-06-26 21:24:05",user24,wpseo_editor,user24,user24,,,true,true,false,fresh,0,true,,"a:1:{s:12:""wpseo_editor"";b:1;}",7,,,,,,1687814646,,,,,,,,,,,,,,,,,,,,,,,,,,user24,,4f50eac440bf00e274321a8300e3c9b1,,,,,,,,,,,,,,"a:5:{s:14:""account_status"";b:0;s:15:""hide_in_members"";b:0;s:13:""profile_photo"";b:0;s:11:""cover_photo"";b:0;s:8:""verified"";b:0;}",,,user1@exam54235ple.com,user24,,
user25,user1@examp523le.com,50,$P$BsBAmGzsQIOvDelWnILwkCLS.43/iA.,user25,,"2023-06-26 21:24:06",user25,wpseo_editor,user25,user25,,,true,true,false,fresh,0,true,,"a:1:{s:12:""wpseo_editor"";b:1;}",7,,,,,,1687814647,,,,,,,,,,,,,,,,,,,,,,,,,,user25,,fedc685aff08a50924cc45891425e94a,,,,,,,,,,,,,,"a:5:{s:14:""account_status"";b:0;s:15:""hide_in_members"";b:0;s:13:""profile_photo"";b:0;s:11:""cover_photo"";b:0;s:8:""verified"";b:0;}",,,user1@examp523le.com,user25,,
user26,user1@exam235ple.com,51,$P$BWGh9x6Bfho5NNUS1wdfOC/TlMCI0e1,user26,,"2023-06-26 21:24:07",user26,wpseo_editor,user26,user26,,,true,true,false,fresh,0,true,,"a:1:{s:12:""wpseo_editor"";b:1;}",7,,,,,,1687814648,,,,,,,,,,,,,,,,,,,,,,,,,,user26,,b281bade64f6f1a1e0c51db541e0bc38,,,,,,,,,,,,,,"a:5:{s:14:""account_status"";b:0;s:15:""hide_in_members"";b:0;s:13:""profile_photo"";b:0;s:11:""cover_photo"";b:0;s:8:""verified"";b:0;}",,,user1@exam235ple.com,user26,,
user27,user1@examp532le.com,52,$P$B28I89RqA2Jw3PFkYFI/8ZjlSgvwd4.,user27,,"2023-06-26 21:24:08",user27,wpseo_editor,user27,user27,,,true,true,false,fresh,0,true,,"a:1:{s:12:""wpseo_editor"";b:1;}",7,,,,,,1687814649,,,,,,,,,,,,,,,,,,,,,,,,,,user27,,581efd6e4e3d74fe94c4958aa002b158,,,,,,,,,,,,,,"a:5:{s:14:""account_status"";b:0;s:15:""hide_in_members"";b:0;s:13:""profile_photo"";b:0;s:11:""cover_photo"";b:0;s:8:""verified"";b:0;}",,,user1@examp532le.com,user27,,
user29,user1@exam532ple.com,53,$P$BL2JC76oc1kb9xEmgqSjMFQegiSTlt1,user29,,"2023-06-26 21:24:09",user29,wpseo_editor,user29,user29,,,true,true,false,fresh,0,true,,"a:1:{s:12:""wpseo_editor"";b:1;}",7,,,,,,1687814650,,,,,,,,,,,,,,,,,,,,,,,,,,user29,,c1cd454673e2fd112974e286e2ae7d77,,,,,,,,,,,,,,"a:5:{s:14:""account_status"";b:0;s:15:""hide_in_members"";b:0;s:13:""profile_photo"";b:0;s:11:""cover_photo"";b:0;s:8:""verified"";b:0;}",,,user1@exam532ple.com,user29,,
user3,user1@example.com22,31,$P$BDYeCBvmv2b0n6QOrHL5v8t48sVRj4/,user3,,"2023-06-26 21:23:44",user3,wpseo_editor,user3,user3,,,true,true,false,fresh,0,true,,"a:1:{s:12:""wpseo_editor"";b:1;}",7,,,,,,1687814626,,,,,,,,,,,,,,,,,,,,,,,,,,user3,,6e87e042d53820bd9c9a2c45300b2053,,,,,,,,,,,,,,"a:5:{s:14:""account_status"";b:0;s:15:""hide_in_members"";b:0;s:13:""profile_photo"";b:0;s:11:""cover_photo"";b:0;s:8:""verified"";b:0;}",,,user1@example.com22,user3,,
user30,user1@exam2532ple.com,54,$P$BDqqshxeIPzSklkXs0GrRWXps3EF6H.,user30,,"2023-06-26 21:24:10",user30,wpseo_editor,user30,user30,,,true,true,false,fresh,0,true,,"a:1:{s:12:""wpseo_editor"";b:1;}",7,,,,,,1687814652,,,,,,,,,,,,,,,,,,,,,,,,,,user30,,6e3e38b4e8eb125b493389dd4e5929fc,,,,,,,,,,,,,,"a:5:{s:14:""account_status"";b:0;s:15:""hide_in_members"";b:0;s:13:""profile_photo"";b:0;s:11:""cover_photo"";b:0;s:8:""verified"";b:0;}",,,user1@exam2532ple.com,user30,,
user31,user1@examp1234le.com,55,$P$BXQOi7kmuemHM.iuNMBHoW/dElfIwb1,user31,,"2023-06-26 21:24:12",user31,wpseo_editor,user31,user31,,,true,true,false,fresh,0,true,,"a:1:{s:12:""wpseo_editor"";b:1;}",7,,,,,,1687814653,,,,,,,,,,,,,,,,,,,,,,,,,,user31,,8aa11c4973b359b261668946bc6c6afe,,,,,,,,,,,,,,"a:5:{s:14:""account_status"";b:0;s:15:""hide_in_members"";b:0;s:13:""profile_photo"";b:0;s:11:""cover_photo"";b:0;s:8:""verified"";b:0;}",,,user1@examp1234le.com,user31,,
user32,user1@examplo8e.com,56,$P$BFREKsW6lzBHuZFKOcw7W3P38/ZKnE0,user32,,"2023-06-26 21:24:13",user32,wpseo_editor,user32,user32,,,true,true,false,fresh,0,true,,"a:1:{s:12:""wpseo_editor"";b:1;}",7,,,,,,1687814654,,,,,,,,,,,,,,,,,,,,,,,,,,user32,,9ba62407d1f1e36d1626a957a8c03a85,,,,,,,,,,,,,,"a:5:{s:14:""account_status"";b:0;s:15:""hide_in_members"";b:0;s:13:""profile_photo"";b:0;s:11:""cover_photo"";b:0;s:8:""verified"";b:0;}",,,user1@examplo8e.com,user32,,
user33,user1@examkjhple.com,57,$P$BZwwz6Y0EDrsj.EfwjVJhuBT4E.zni/,user33,,"2023-06-26 21:24:14",user33,wpseo_editor,user33,user33,,,true,true,false,fresh,0,true,,"a:1:{s:12:""wpseo_editor"";b:1;}",7,,,,,,1687814655,,,,,,,,,,,,,,,,,,,,,,,,,,user33,,310a2f85796476a4dbff090f50e9962f,,,,,,,,,,,,,,"a:5:{s:14:""account_status"";b:0;s:15:""hide_in_members"";b:0;s:13:""profile_photo"";b:0;s:11:""cover_photo"";b:0;s:8:""verified"";b:0;}",,,user1@examkjhple.com,user33,,
user34,user1@examkjgyple.com,58,$P$BPYLbnWrfBTBXkFlMkOVMI40.KK8zL0,user34,,"2023-06-26 21:24:15",user34,wpseo_editor,user34,user34,,,true,true,false,fresh,0,true,,"a:1:{s:12:""wpseo_editor"";b:1;}",7,,,,,,1687814656,,,,,,,,,,,,,,,,,,,,,,,,,,user34,,f99361662cf8defb5d98da18dac5969a,,,,,,,,,,,,,,"a:5:{s:14:""account_status"";b:0;s:15:""hide_in_members"";b:0;s:13:""profile_photo"";b:0;s:11:""cover_photo"";b:0;s:8:""verified"";b:0;}",,,user1@examkjgyple.com,user34,,
user35,user1@exajhgmple.com,59,$P$Bvti06VeHigV.OjtHAV2HLFGAfYWxk0,user35,,"2023-06-26 21:24:16",user35,wpseo_editor,user35,user35,,,true,true,false,fresh,0,true,,"a:1:{s:12:""wpseo_editor"";b:1;}",7,,,,,,1687814657,,,,,,,,,,,,,,,,,,,,,,,,,,user35,,6659939f6a0f76e54e0b025504727db7,,,,,,,,,,,,,,"a:5:{s:14:""account_status"";b:0;s:15:""hide_in_members"";b:0;s:13:""profile_photo"";b:0;s:11:""cover_photo"";b:0;s:8:""verified"";b:0;}",,,user1@exajhgmple.com,user35,,
user36,user1@exaiugymple.com,60,$P$BwDaKvVcaEYq/6xdLnV59buI94neBP1,user36,,"2023-06-26 21:24:17",user36,wpseo_editor,user36,user36,,,true,true,false,fresh,0,true,,"a:1:{s:12:""wpseo_editor"";b:1;}",7,,,,,,1687814658,,,,,,,,,,,,,,,,,,,,,,,,,,user36,,c3266ad028545f13af68b92b6b4e7b8e,,,,,,,,,,,,,,"a:5:{s:14:""account_status"";b:0;s:15:""hide_in_members"";b:0;s:13:""profile_photo"";b:0;s:11:""cover_photo"";b:0;s:8:""verified"";b:0;}",,,user1@exaiugymple.com,user36,,
user38,user1@exaiuufmple.com,61,$P$Bp6nhd2SVLohO4AZI1FI8vcuRDEyUC.,user38,,"2023-06-26 21:24:18",user38,wpseo_editor,user38,user38,,,true,true,false,fresh,0,true,,"a:1:{s:12:""wpseo_editor"";b:1;}",7,,,,,,1687814659,,,,,,,,,,,,,,,,,,,,,,,,,,user38,,cf081d8bcb387e90ea7b381cf4aef005,,,,,,,,,,,,,,"a:5:{s:14:""account_status"";b:0;s:15:""hide_in_members"";b:0;s:13:""profile_photo"";b:0;s:11:""cover_photo"";b:0;s:8:""verified"";b:0;}",,,user1@exaiuufmple.com,user38,,
user39,vvvyu@iowefiu.com,62,$P$BlIGT9Yzmuko0rcAwkdFtczVLUwWo50,user39,,"2023-06-26 21:24:19",user39,wpseo_editor,user39,user39,,,true,true,false,fresh,0,true,,"a:1:{s:12:""wpseo_editor"";b:1;}",7,,,,,,1687814660,,,,,,,,,,,,,,,,,,,,,,,,,,user39,,d30a71bdb315baccf710eb92f8482364,,,,,,,,,,,,,,"a:5:{s:14:""account_status"";b:0;s:15:""hide_in_members"";b:0;s:13:""profile_photo"";b:0;s:11:""cover_photo"";b:0;s:8:""verified"";b:0;}",,,vvvyu@iowefiu.com,user39,,
user4,user133@example.com,33,$P$BjlQtogj/OBoozjJB4C5MavshHGUc8/,user4,,"2023-06-26 21:23:47",user4,wpseo_editor,user4,user4,,,true,true,false,fresh,0,true,,"a:1:{s:12:""wpseo_editor"";b:1;}",7,,,,,,1687814628,,,,,,,,,,,,,,,,,,,,,,,,,,user4,,fe5f36e18980b0786dc9170e402cc383,,,,,,,,,,,,,,"a:5:{s:14:""account_status"";b:0;s:15:""hide_in_members"";b:0;s:13:""profile_photo"";b:0;s:11:""cover_photo"";b:0;s:8:""verified"";b:0;}",,,user133@example.com,user4,,
user40,user1@exqample.com,63,$P$B.5FC63RGHAZ5hQUmBa3c14OFj2.rp/,user40,,"2023-06-26 21:24:20",user40,wpseo_editor,user40,user40,,,true,true,false,fresh,0,true,,"a:1:{s:12:""wpseo_editor"";b:1;}",7,,,,,,1687814662,,,,,,,,,,,,,,,,,,,,,,,,,,user40,,05c0c2e029518b370d2be2e553a49696,,,,,,,,,,,,,,"a:5:{s:14:""account_status"";b:0;s:15:""hide_in_members"";b:0;s:13:""profile_photo"";b:0;s:11:""cover_photo"";b:0;s:8:""verified"";b:0;}",,,user1@exqample.com,user40,,
user5,user1@exam333ple.com,34,$P$B1ri.lATPpyfQ.N9rB7kViaOBxMFGo1,user5,,"2023-06-26 21:23:48",user5,wpseo_editor,user5,user5,,,true,true,false,fresh,0,true,,"a:1:{s:12:""wpseo_editor"";b:1;}",7,,,,,,1687814629,,,,,,,,,,,,,,,,,,,,,,,,,,user5,,0d73573045390036c750611a4a7044c4,,,,,,,,,,,,,,"a:5:{s:14:""account_status"";b:0;s:15:""hide_in_members"";b:0;s:13:""profile_photo"";b:0;s:11:""cover_photo"";b:0;s:8:""verified"";b:0;}",,,user1@exam333ple.com,user5,,
User509,User509@demouser.com,8,$P$BSZHIvPg7K6TROALg65ZRDsrj3vljD0,user509,,"2023-06-22 12:12:58",User509,member,User509,User509,,,true,true,false,fresh,0,true,,"a:1:{s:6:""member"";b:1;}",0,,"a:1:{s:64:""99be30b91c59a57b51a680ba38d76bda40c556096fc5ea9fe1469ec1300ea72f"";a:4:{s:10:""expiration"";i:1687608889;s:2:""ip"";s:14:""95.232.239.130"";s:2:""ua"";s:111:""Mozilla/5.0 (Windows NT 10.0; Win64; x64) AppleWebKit/537.36 (KHTML, like Gecko) Chrome/114.0.0.0 Safari/537.36"";s:5:""login"";i:1687436089;}}",,a:0:{},,1687435978,,,,,,,,,,,"a:1:{s:2:""ip"";s:12:""95.232.239.0"";}",,,,,,,,1,"a:1:{i:1;s:6:""public"";}",,,,,0,User509,,,"2023-06-22 12:16:24",,,,,,,,,,,,approved,"a:5:{s:14:""account_status"";s:8:""approved"";s:15:""hide_in_members"";b:0;s:13:""profile_photo"";b:0;s:11:""cover_photo"";b:0;s:8:""verified"";b:0;}",,,,User509,,
user6,user1@example.com333,32,$P$BcqH/a5aCJI/b//pNhofBTEVUgrbe6.,user6,,"2023-06-26 21:23:46",user6,wpseo_editor,user6,user6,,,true,true,false,fresh,0,true,,"a:1:{s:12:""wpseo_editor"";b:1;}",7,,,,,,1687814627,,,,,,,,,,,,,,,,,,,,,,,,,,user6,,6a1f41385bafd3b78216375cb78d63b3,,,,,,,,,,,,,,"a:5:{s:14:""account_status"";b:0;s:15:""hide_in_members"";b:0;s:13:""profile_photo"";b:0;s:11:""cover_photo"";b:0;s:8:""verified"";b:0;}",,,user1@example.com333,user6,,
user7,user1@exam3ple.com,35,$P$BWk9AJMSmMXSi7x5gAeqX/dv3/E9l01,user7,,"2023-06-26 21:23:49",user7,wpseo_editor,user7,user7,,,true,true,false,fresh,0,true,,"a:1:{s:12:""wpseo_editor"";b:1;}",7,,,,,,1687814630,,,,,,,,,,,,,,,,,,,,,,,,,,user7,,e20121d3d8c420cfbad9809a10574cb5,,,,,,,,,,,,,,"a:5:{s:14:""account_status"";b:0;s:15:""hide_in_members"";b:0;s:13:""profile_photo"";b:0;s:11:""cover_photo"";b:0;s:8:""verified"";b:0;}",,,user1@exam3ple.com,user7,,
user9,user1@example.c21om,36,$P$BSCR3UOJMKN79BTC/7oewRPYfRiElS1,user9,,"2023-06-26 21:23:50",user9,wpseo_editor,user9,user9,,,true,true,false,fresh,0,true,,"a:1:{s:12:""wpseo_editor"";b:1;}",7,,,,,,1687814631,,,,,,,,,,,,,,,,,,,,,,,,,,user9,,3c18502667c8be3382adeecfdddeb17e,,,,,,,,,,,,,,"a:5:{s:14:""account_status"";b:0;s:15:""hide_in_members"";b:0;s:13:""profile_photo"";b:0;s:11:""cover_photo"";b:0;s:8:""verified"";b:0;}",,,user1@example.c21om,user9,,
user996,user996@gmail.com,15,$P$BbiCTx/9EzlsVY2eW5baQ.TLcW7A3F0,user996,,"2023-06-22 16:33:03",user996,member,user996,user996,,,true,true,false,fresh,0,true,,"a:1:{s:6:""member"";b:1;}",0,,"a:1:{s:64:""3558880fa0aeb3f1e5f1d3def89033ce712fe70c21de502febf4f83290bfd756"";a:4:{s:10:""expiration"";i:1687624414;s:2:""ip"";s:14:""95.232.239.130"";s:2:""ua"";s:111:""Mozilla/5.0 (Windows NT 10.0; Win64; x64) AppleWebKit/537.36 (KHTML, like Gecko) Chrome/114.0.0.0 Safari/537.36"";s:5:""login"";i:1687451614;}}",,,,1687451610,,,,,,,,,,,,,,,,,,,,,"a:2:{s:2:""id"";i:30;s:7:""content"";s:95:""ma solo io amo questo social? <span>@trendverseme</span>&nbsp;bel lavoro, beta per me approvata"";}",,,,0,user996,,,"2023-06-22 17:13:51",,,,,,,a:1:{i:0;i:31;},1,,,,approved,"a:5:{s:14:""account_status"";s:8:""approved"";s:15:""hide_in_members"";b:0;s:13:""profile_photo"";b:0;s:11:""cover_photo"";b:0;s:8:""verified"";b:0;}",,,,user996,,
user997,user998@gmail.com,12,$P$BZFqJ7prH5l67aAcVOyKpJr3p9cDZT.,user997,,"2023-06-22 16:23:51",user997,member,user997,user997,,,true,true,false,fresh,0,true,,"a:1:{s:6:""member"";b:1;}",0,,"a:1:{s:64:""430a46edcbb6261dda364d2106806db1fcbd2ec2218c12939915dd855575eb21"";a:4:{s:10:""expiration"";i:1687652309;s:2:""ip"";s:14:""95.232.239.130"";s:2:""ua"";s:111:""Mozilla/5.0 (Windows NT 10.0; Win64; x64) AppleWebKit/537.36 (KHTML, like Gecko) Chrome/114.0.0.0 Safari/537.36"";s:5:""login"";i:1687479509;}}",,,,1687451031,,,,,,,,,,,,,,,,,,,,,,,,,0,user997,,,"2023-06-22 18:57:40",,,,,,,,,,,,approved,"a:5:{s:14:""account_status"";s:8:""approved"";s:15:""hide_in_members"";b:0;s:13:""profile_photo"";b:0;s:11:""cover_photo"";b:0;s:8:""verified"";b:0;}",1687486709,,,user997,,
user998,user998@mail.com,11,$P$B66adfdzgTgLkMYrPlAc7ei6itZ23W/,user998,,"2023-06-22 16:22:15",user998,member,user998,user998,,,true,true,false,fresh,0,true,,"a:1:{s:6:""member"";b:1;}",0,,,,a:0:{},,1687450935,,,,,,,,,,,"a:1:{s:2:""ip"";s:12:""95.232.239.0"";}",,,,,,,,,,"a:2:{s:2:""id"";i:20;s:7:""content"";s:9:""ma vabbè"";}",,,,0,user998,,,"2023-06-22 16:24:07",,,,,,,,,,,,approved,"a:5:{s:14:""account_status"";s:8:""approved"";s:15:""hide_in_members"";b:0;s:13:""profile_photo"";b:0;s:11:""cover_photo"";b:0;s:8:""verified"";b:0;}",,,,user998,,
user999,user999@demo.it,10,$P$B8hFwHaGhz3mFDi5jdxQCoDkx2tFVs.,user999,,"2023-06-22 16:20:36",user999,member,user999,user999,,,true,true,false,fresh,0,true,,"a:1:{s:6:""member"";b:1;}",0,,,,,,1687450836,,,,,,,,,,,,,,,,,,,,,"a:2:{s:2:""id"";i:15;s:7:""content"";s:40:""dimmi gioia, buongiorno amore mio,&nbsp;"";}",,,,0,user999,,,"2023-06-22 16:20:53",,,,,,,,,,,,approved,"a:5:{s:14:""account_status"";s:8:""approved"";s:15:""hide_in_members"";b:0;s:13:""profile_photo"";b:0;s:11:""cover_photo"";b:0;s:8:""verified"";b:0;}",,,,user999,,
Userw,User@gmail.network,24,$P$BGDjdLEcZ8GWpDUyrYeZXdV5flpDfH1,userw,,"2023-06-26 20:44:37",Userw,member,Userw,Userw,,,true,true,false,fresh,0,true,,"a:1:{s:6:""member"";b:1;}",0,,,,,,1687812278,,,,,,,,,,,,,,,,,,,,,,,,,,Userw,,101b1e010a875beb9221d3c134a7b8cf,,,,,,,,,,,,,,"a:5:{s:14:""account_status"";b:0;s:15:""hide_in_members"";b:0;s:13:""profile_photo"";b:0;s:11:""cover_photo"";b:0;s:8:""verified"";b:0;}",,,,Userw,,
